ay_start,ay_end,sector,sector_encoded,region,region_encoded,shs_available,total_elementary,total_hs,total_shs,total_students,prev_total_elementary,prev_total_hs,prev_total_shs,prev_total_students
2010,2011,Private,1,BARMM - Bangsamoro Autonomous Region in Muslim Mindanao,0,0,17335,28540,0,45875,,,,
2011,2012,Private,1,BARMM - Bangsamoro Autonomous Region in Muslim Mindanao,0,0,17882,31255,0,49137,17335.0,28540.0,0.0,45875.0
2012,2013,Private,1,BARMM - Bangsamoro Autonomous Region in Muslim Mindanao,0,0,26195,34665,0,60860,17882.0,31255.0,0.0,49137.0
2013,2014,Private,1,BARMM - Bangsamoro Autonomous Region in Muslim Mindanao,0,0,25306,27504,0,52810,26195.0,34665.0,0.0,60860.0
2014,2015,Private,1,BARMM - Bangsamoro Autonomous Region in Muslim Mindanao,0,0,23438,27504,0,50942,25306.0,27504.0,0.0,52810.0
2015,2016,Private,1,BARMM - Bangsamoro Autonomous Region in Muslim Mindanao,0,0,15432,21673,0,37105,23438.0,27504.0,0.0,50942.0
2016,2017,Private,1,BARMM - Bangsamoro Autonomous Region in Muslim Mindanao,0,1,21675,29492,7037,58204,15432.0,21673.0,0.0,37105.0
2017,2018,Private,1,BARMM - Bangsamoro Autonomous Region in Muslim Mindanao,0,1,20420,25178,11197,56795,21675.0,29492.0,7037.0,58204.0
2018,2019,Private,1,BARMM - Bangsamoro Autonomous Region in Muslim Mindanao,0,1,31732,30968,15740,78440,20420.0,25178.0,11197.0,56795.0
2019,2020,Private,1,BARMM - Bangsamoro Autonomous Region in Muslim Mindanao,0,1,37164,34623,18363,90150,31732.0,30968.0,15740.0,78440.0
2020,2021,Private,1,BARMM - Bangsamoro Autonomous Region in Muslim Mindanao,0,1,31626,33411,19892,84929,37164.0,34623.0,18363.0,90150.0
2010,2011,Public,0,BARMM - Bangsamoro Autonomous Region in Muslim Mindanao,0,0,766468,177415,0,943883,,,,
2011,2012,Public,0,BARMM - Bangsamoro Autonomous Region in Muslim Mindanao,0,0,770996,174482,0,945478,766468.0,177415.0,0.0,943883.0
2012,2013,Public,0,BARMM - Bangsamoro Autonomous Region in Muslim Mindanao,0,0,716128,160101,0,876229,770996.0,174482.0,0.0,945478.0
2013,2014,Public,0,BARMM - Bangsamoro Autonomous Region in Muslim Mindanao,0,0,695979,162266,0,858245,716128.0,160101.0,0.0,876229.0
2014,2015,Public,0,BARMM - Bangsamoro Autonomous Region in Muslim Mindanao,0,0,635879,148084,0,783963,695979.0,162266.0,0.0,858245.0
2015,2016,Public,0,BARMM - Bangsamoro Autonomous Region in Muslim Mindanao,0,0,594164,138821,0,732985,635879.0,148084.0,0.0,783963.0
2016,2017,Public,0,BARMM - Bangsamoro Autonomous Region in Muslim Mindanao,0,1,603455,138261,14307,756023,594164.0,138821.0,0.0,732985.0
2017,2018,Public,0,BARMM - Bangsamoro Autonomous Region in Muslim Mindanao,0,1,582260,135163,26400,743823,603455.0,138261.0,14307.0,756023.0
2018,2019,Public,0,BARMM - Bangsamoro Autonomous Region in Muslim Mindanao,0,1,585548,144234,28422,758204,582260.0,135163.0,26400.0,743823.0
2019,2020,Public,0,BARMM - Bangsamoro Autonomous Region in Muslim Mindanao,0,1,582686,154760,33911,771357,585548.0,144234.0,28422.0,758204.0
2020,2021,Public,0,BARMM - Bangsamoro Autonomous Region in Muslim Mindanao,0,1,562110,153509,39268,754887,582686.0,154760.0,33911.0,771357.0
2010,2011,SUC-LUC,2,BARMM - Bangsamoro Autonomous Region in Muslim Mindanao,0,0,1521,2185,0,3706,,,,
2011,2012,SUC-LUC,2,BARMM - Bangsamoro Autonomous Region in Muslim Mindanao,0,0,2641,12652,0,15293,1521.0,2185.0,0.0,3706.0
2012,2013,SUC-LUC,2,BARMM - Bangsamoro Autonomous Region in Muslim Mindanao,0,0,2549,12814,0,15363,2641.0,12652.0,0.0,15293.0
2013,2014,SUC-LUC,2,BARMM - Bangsamoro Autonomous Region in Muslim Mindanao,0,0,1758,7343,0,9101,2549.0,12814.0,0.0,15363.0
2014,2015,SUC-LUC,2,BARMM - Bangsamoro Autonomous Region in Muslim Mindanao,0,0,1164,3267,0,4431,1758.0,7343.0,0.0,9101.0
2015,2016,SUC-LUC,2,BARMM - Bangsamoro Autonomous Region in Muslim Mindanao,0,0,2271,16786,0,19057,1164.0,3267.0,0.0,4431.0
2016,2017,SUC-LUC,2,BARMM - Bangsamoro Autonomous Region in Muslim Mindanao,0,1,1724,15546,2257,19527,2271.0,16786.0,0.0,19057.0
2017,2018,SUC-LUC,2,BARMM - Bangsamoro Autonomous Region in Muslim Mindanao,0,1,1724,15214,3197,20135,1724.0,15546.0,2257.0,19527.0
2018,2019,SUC-LUC,2,BARMM - Bangsamoro Autonomous Region in Muslim Mindanao,0,1,1830,20155,4178,26163,1724.0,15214.0,3197.0,20135.0
2019,2020,SUC-LUC,2,BARMM - Bangsamoro Autonomous Region in Muslim Mindanao,0,1,1923,21570,5681,29174,1830.0,20155.0,4178.0,26163.0
2020,2021,SUC-LUC,2,BARMM - Bangsamoro Autonomous Region in Muslim Mindanao,0,1,2097,21428,6754,30279,1923.0,21570.0,5681.0,29174.0
2010,2011,Private,1,CAR - Cordillera Administrative Region,1,0,29586,33539,0,63125,,,,
2011,2012,Private,1,CAR - Cordillera Administrative Region,1,0,33842,34295,0,68137,29586.0,33539.0,0.0,63125.0
2012,2013,Private,1,CAR - Cordillera Administrative Region,1,0,34808,35297,0,70105,33842.0,34295.0,0.0,68137.0
2013,2014,Private,1,CAR - Cordillera Administrative Region,1,0,31835,34766,0,66601,34808.0,35297.0,0.0,70105.0
2014,2015,Private,1,CAR - Cordillera Administrative Region,1,0,30846,34766,0,65612,31835.0,34766.0,0.0,66601.0
2015,2016,Private,1,CAR - Cordillera Administrative Region,1,0,28978,34454,0,63432,30846.0,34766.0,0.0,65612.0
2016,2017,Private,1,CAR - Cordillera Administrative Region,1,1,26685,34239,13267,74191,28978.0,34454.0,0.0,63432.0
2017,2018,Private,1,CAR - Cordillera Administrative Region,1,1,26330,34152,26399,86881,26685.0,34239.0,13267.0,74191.0
2018,2019,Private,1,CAR - Cordillera Administrative Region,1,1,27253,34688,27565,89506,26330.0,34152.0,26399.0,86881.0
2019,2020,Private,1,CAR - Cordillera Administrative Region,1,1,26431,34699,27703,88833,27253.0,34688.0,27565.0,89506.0
2020,2021,Private,1,CAR - Cordillera Administrative Region,1,1,18466,32593,24658,75717,26431.0,34699.0,27703.0,88833.0
2010,2011,Public,0,CAR - Cordillera Administrative Region,1,0,236816,86817,0,323633,,,,
2011,2012,Public,0,CAR - Cordillera Administrative Region,1,0,247740,86468,0,334208,236816.0,86817.0,0.0,323633.0
2012,2013,Public,0,CAR - Cordillera Administrative Region,1,0,246875,87433,0,334308,247740.0,86468.0,0.0,334208.0
2013,2014,Public,0,CAR - Cordillera Administrative Region,1,0,248074,90310,0,338384,246875.0,87433.0,0.0,334308.0
2014,2015,Public,0,CAR - Cordillera Administrative Region,1,0,244693,92381,0,337074,248074.0,90310.0,0.0,338384.0
2015,2016,Public,0,CAR - Cordillera Administrative Region,1,0,239868,93953,0,333821,244693.0,92381.0,0.0,337074.0
2016,2017,Public,0,CAR - Cordillera Administrative Region,1,1,231438,95712,10811,337961,239868.0,93953.0,0.0,333821.0
2017,2018,Public,0,CAR - Cordillera Administrative Region,1,1,226127,97487,20423,344037,231438.0,95712.0,10811.0,337961.0
2018,2019,Public,0,CAR - Cordillera Administrative Region,1,1,223420,102295,24149,349864,226127.0,97487.0,20423.0,344037.0
2019,2020,Public,0,CAR - Cordillera Administrative Region,1,1,215533,103167,26664,345364,223420.0,102295.0,24149.0,349864.0
2020,2021,Public,0,CAR - Cordillera Administrative Region,1,1,218767,104490,32652,355909,215533.0,103167.0,26664.0,345364.0
2010,2011,SUC-LUC,2,CAR - Cordillera Administrative Region,1,0,628,2732,0,3360,,,,
2011,2012,SUC-LUC,2,CAR - Cordillera Administrative Region,1,0,944,3761,0,4705,628.0,2732.0,0.0,3360.0
2012,2013,SUC-LUC,2,CAR - Cordillera Administrative Region,1,0,600,3761,0,4361,944.0,3761.0,0.0,4705.0
2013,2014,SUC-LUC,2,CAR - Cordillera Administrative Region,1,0,939,1931,0,2870,600.0,3761.0,0.0,4361.0
2014,2015,SUC-LUC,2,CAR - Cordillera Administrative Region,1,0,567,1525,0,2092,939.0,1931.0,0.0,2870.0
2015,2016,SUC-LUC,2,CAR - Cordillera Administrative Region,1,0,618,1709,0,2327,567.0,1525.0,0.0,2092.0
2016,2017,SUC-LUC,2,CAR - Cordillera Administrative Region,1,1,674,1798,1196,3668,618.0,1709.0,0.0,2327.0
2017,2018,SUC-LUC,2,CAR - Cordillera Administrative Region,1,1,674,1405,2365,4444,674.0,1798.0,1196.0,3668.0
2018,2019,SUC-LUC,2,CAR - Cordillera Administrative Region,1,1,635,1805,2887,5327,674.0,1405.0,2365.0,4444.0
2019,2020,SUC-LUC,2,CAR - Cordillera Administrative Region,1,1,643,1641,2687,4971,635.0,1805.0,2887.0,5327.0
2020,2021,SUC-LUC,2,CAR - Cordillera Administrative Region,1,1,597,1500,2211,4308,643.0,1641.0,2687.0,4971.0
2010,2011,Private,1,CARAGA - CARAGA,2,0,16425,24826,0,41251,,,,
2011,2012,Private,1,CARAGA - CARAGA,2,0,16977,25005,0,41982,16425.0,24826.0,0.0,41251.0
2012,2013,Private,1,CARAGA - CARAGA,2,0,19041,25410,0,44451,16977.0,25005.0,0.0,41982.0
2013,2014,Private,1,CARAGA - CARAGA,2,0,19841,24915,0,44756,19041.0,25410.0,0.0,44451.0
2014,2015,Private,1,CARAGA - CARAGA,2,0,20333,24915,0,45248,19841.0,24915.0,0.0,44756.0
2015,2016,Private,1,CARAGA - CARAGA,2,0,18973,25172,0,44145,20333.0,24915.0,0.0,45248.0
2016,2017,Private,1,CARAGA - CARAGA,2,1,17072,25295,12859,55226,18973.0,25172.0,0.0,44145.0
2017,2018,Private,1,CARAGA - CARAGA,2,1,17666,26664,23127,67457,17072.0,25295.0,12859.0,55226.0
2018,2019,Private,1,CARAGA - CARAGA,2,1,19607,28071,23257,70935,17666.0,26664.0,23127.0,67457.0
2019,2020,Private,1,CARAGA - CARAGA,2,1,19613,29025,23122,71760,19607.0,28071.0,23257.0,70935.0
2020,2021,Private,1,CARAGA - CARAGA,2,1,13738,27281,20999,62018,19613.0,29025.0,23122.0,71760.0
2010,2011,Public,0,CARAGA - CARAGA,2,0,443507,157126,0,600633,,,,
2011,2012,Public,0,CARAGA - CARAGA,2,0,455911,158265,0,614176,443507.0,157126.0,0.0,600633.0
2012,2013,Public,0,CARAGA - CARAGA,2,0,456582,159750,0,616332,455911.0,158265.0,0.0,614176.0
2013,2014,Public,0,CARAGA - CARAGA,2,0,460945,165143,0,626088,456582.0,159750.0,0.0,616332.0
2014,2015,Public,0,CARAGA - CARAGA,2,0,463821,173478,0,637299,460945.0,165143.0,0.0,626088.0
2015,2016,Public,0,CARAGA - CARAGA,2,0,461460,178122,0,639582,463821.0,173478.0,0.0,637299.0
2016,2017,Public,0,CARAGA - CARAGA,2,1,447517,185696,23074,656287,461460.0,178122.0,0.0,639582.0
2017,2018,Public,0,CARAGA - CARAGA,2,1,439641,196235,46806,682682,447517.0,185696.0,23074.0,656287.0
2018,2019,Public,0,CARAGA - CARAGA,2,1,435975,208197,56735,700907,439641.0,196235.0,46806.0,682682.0
2019,2020,Public,0,CARAGA - CARAGA,2,1,427151,212274,62881,702306,435975.0,208197.0,56735.0,700907.0
2020,2021,Public,0,CARAGA - CARAGA,2,1,426462,217964,72409,716835,427151.0,212274.0,62881.0,702306.0
2010,2011,SUC-LUC,2,CARAGA - CARAGA,2,0,179,2027,0,2206,,,,
2011,2012,SUC-LUC,2,CARAGA - CARAGA,2,0,77,1930,0,2007,179.0,2027.0,0.0,2206.0
2012,2013,SUC-LUC,2,CARAGA - CARAGA,2,0,0,2432,0,2432,77.0,1930.0,0.0,2007.0
2013,2014,SUC-LUC,2,CARAGA - CARAGA,2,0,189,1434,0,1623,0.0,2432.0,0.0,2432.0
2014,2015,SUC-LUC,2,CARAGA - CARAGA,2,0,230,914,0,1144,189.0,1434.0,0.0,1623.0
2015,2016,SUC-LUC,2,CARAGA - CARAGA,2,0,213,223,0,436,230.0,914.0,0.0,1144.0
2016,2017,SUC-LUC,2,CARAGA - CARAGA,2,1,213,652,1090,1955,213.0,223.0,0.0,436.0
2017,2018,SUC-LUC,2,CARAGA - CARAGA,2,1,213,596,1540,2349,213.0,652.0,1090.0,1955.0
2018,2019,SUC-LUC,2,CARAGA - CARAGA,2,1,239,478,794,1511,213.0,596.0,1540.0,2349.0
2019,2020,SUC-LUC,2,CARAGA - CARAGA,2,1,237,405,528,1170,239.0,478.0,794.0,1511.0
2020,2021,SUC-LUC,2,CARAGA - CARAGA,2,1,226,403,519,1148,237.0,405.0,528.0,1170.0
2010,2011,Private,1,NCR - National Capital Region,3,0,387921,217577,0,605498,,,,
2011,2012,Private,1,NCR - National Capital Region,3,0,393738,231663,0,625401,387921.0,217577.0,0.0,605498.0
2012,2013,Private,1,NCR - National Capital Region,3,0,382197,228248,0,610445,393738.0,231663.0,0.0,625401.0
2013,2014,Private,1,NCR - National Capital Region,3,0,350442,208548,0,558990,382197.0,228248.0,0.0,610445.0
2014,2015,Private,1,NCR - National Capital Region,3,0,343463,208548,0,552011,350442.0,208548.0,0.0,558990.0
2015,2016,Private,1,NCR - National Capital Region,3,0,356642,218369,0,575011,343463.0,208548.0,0.0,552011.0
2016,2017,Private,1,NCR - National Capital Region,3,1,309145,191765,152699,653609,356642.0,218369.0,0.0,575011.0
2017,2018,Private,1,NCR - National Capital Region,3,1,326106,200243,276470,802819,309145.0,191765.0,152699.0,653609.0
2018,2019,Private,1,NCR - National Capital Region,3,1,347060,209331,298267,854658,326106.0,200243.0,276470.0,802819.0
2019,2020,Private,1,NCR - National Capital Region,3,1,335119,209735,296385,841239,347060.0,209331.0,298267.0,854658.0
2020,2021,Private,1,NCR - National Capital Region,3,1,207578,166822,244756,619156,335119.0,209735.0,296385.0,841239.0
2010,2011,Public,0,NCR - National Capital Region,3,0,1301504,672462,0,1973966,,,,
2011,2012,Public,0,NCR - National Capital Region,3,0,1360030,674237,0,2034267,1301504.0,672462.0,0.0,1973966.0
2012,2013,Public,0,NCR - National Capital Region,3,0,1371867,680656,0,2052523,1360030.0,674237.0,0.0,2034267.0
2013,2014,Public,0,NCR - National Capital Region,3,0,1390356,690113,0,2080469,1371867.0,680656.0,0.0,2052523.0
2014,2015,Public,0,NCR - National Capital Region,3,0,1366443,685318,0,2051761,1390356.0,690113.0,0.0,2080469.0
2015,2016,Public,0,NCR - National Capital Region,3,0,1334721,671545,0,2006266,1366443.0,685318.0,0.0,2051761.0
2016,2017,Public,0,NCR - National Capital Region,3,1,1305754,673924,34263,2013941,1334721.0,671545.0,0.0,2006266.0
2017,2018,Public,0,NCR - National Capital Region,3,1,1279788,678787,69795,2028370,1305754.0,673924.0,34263.0,2013941.0
2018,2019,Public,0,NCR - National Capital Region,3,1,1270337,697840,85833,2054010,1279788.0,678787.0,69795.0,2028370.0
2019,2020,Public,0,NCR - National Capital Region,3,1,1243679,704215,96227,2044121,1270337.0,697840.0,85833.0,2054010.0
2020,2021,Public,0,NCR - National Capital Region,3,1,1223147,689595,112399,2025141,1243679.0,704215.0,96227.0,2044121.0
2010,2011,SUC-LUC,2,NCR - National Capital Region,3,0,1808,2547,0,4355,,,,
2011,2012,SUC-LUC,2,NCR - National Capital Region,3,0,975,1766,0,2741,1808.0,2547.0,0.0,4355.0
2012,2013,SUC-LUC,2,NCR - National Capital Region,3,0,969,1897,0,2866,975.0,1766.0,0.0,2741.0
2013,2014,SUC-LUC,2,NCR - National Capital Region,3,0,929,1889,0,2818,969.0,1897.0,0.0,2866.0
2014,2015,SUC-LUC,2,NCR - National Capital Region,3,0,901,1883,0,2784,929.0,1889.0,0.0,2818.0
2015,2016,SUC-LUC,2,NCR - National Capital Region,3,0,263,1407,0,1670,901.0,1883.0,0.0,2784.0
2016,2017,SUC-LUC,2,NCR - National Capital Region,3,1,932,1263,14515,16710,263.0,1407.0,0.0,1670.0
2017,2018,SUC-LUC,2,NCR - National Capital Region,3,1,932,1790,22583,25305,932.0,1263.0,14515.0,16710.0
2018,2019,SUC-LUC,2,NCR - National Capital Region,3,1,916,1768,22799,25483,932.0,1790.0,22583.0,25305.0
2019,2020,SUC-LUC,2,NCR - National Capital Region,3,1,230,1169,18659,20058,916.0,1768.0,22799.0,25483.0
2020,2021,SUC-LUC,2,NCR - National Capital Region,3,1,501,1188,14607,16296,230.0,1169.0,18659.0,20058.0
2010,2011,Private,1,Region I - Ilocos Region,4,0,66836,70864,0,137700,,,,
2011,2012,Private,1,Region I - Ilocos Region,4,0,66182,70653,0,136835,66836.0,70864.0,0.0,137700.0
2012,2013,Private,1,Region I - Ilocos Region,4,0,64526,70883,0,135409,66182.0,70653.0,0.0,136835.0
2013,2014,Private,1,Region I - Ilocos Region,4,0,63713,69532,0,133245,64526.0,70883.0,0.0,135409.0
2014,2015,Private,1,Region I - Ilocos Region,4,0,64057,69532,0,133589,63713.0,69532.0,0.0,133245.0
2015,2016,Private,1,Region I - Ilocos Region,4,0,62279,67674,0,129953,64057.0,69532.0,0.0,133589.0
2016,2017,Private,1,Region I - Ilocos Region,4,1,54136,67230,24265,145631,62279.0,67674.0,0.0,129953.0
2017,2018,Private,1,Region I - Ilocos Region,4,1,54181,67392,45213,166786,54136.0,67230.0,24265.0,145631.0
2018,2019,Private,1,Region I - Ilocos Region,4,1,57635,68209,45457,171301,54181.0,67392.0,45213.0,166786.0
2019,2020,Private,1,Region I - Ilocos Region,4,1,55850,67492,46154,169496,57635.0,68209.0,45457.0,171301.0
2020,2021,Private,1,Region I - Ilocos Region,4,1,37985,59880,40780,138645,55850.0,67492.0,46154.0,169496.0
2010,2011,Public,0,Region I - Ilocos Region,4,0,703219,304807,0,1008026,,,,
2011,2012,Public,0,Region I - Ilocos Region,4,0,717753,300037,0,1017790,703219.0,304807.0,0.0,1008026.0
2012,2013,Public,0,Region I - Ilocos Region,4,0,725305,304047,0,1029352,717753.0,300037.0,0.0,1017790.0
2013,2014,Public,0,Region I - Ilocos Region,4,0,728910,311396,0,1040306,725305.0,304047.0,0.0,1029352.0
2014,2015,Public,0,Region I - Ilocos Region,4,0,724301,315405,0,1039706,728910.0,311396.0,0.0,1040306.0
2015,2016,Public,0,Region I - Ilocos Region,4,0,708852,316691,0,1025543,724301.0,315405.0,0.0,1039706.0
2016,2017,Public,0,Region I - Ilocos Region,4,1,681650,323303,51625,1056578,708852.0,316691.0,0.0,1025543.0
2017,2018,Public,0,Region I - Ilocos Region,4,1,672026,332205,100980,1105211,681650.0,323303.0,51625.0,1056578.0
2018,2019,Public,0,Region I - Ilocos Region,4,1,663211,346265,112032,1121508,672026.0,332205.0,100980.0,1105211.0
2019,2020,Public,0,Region I - Ilocos Region,4,1,637338,353471,120661,1111470,663211.0,346265.0,112032.0,1121508.0
2020,2021,Public,0,Region I - Ilocos Region,4,1,642888,362567,134111,1139566,637338.0,353471.0,120661.0,1111470.0
2010,2011,SUC-LUC,2,Region I - Ilocos Region,4,0,2165,2367,0,4532,,,,
2011,2012,SUC-LUC,2,Region I - Ilocos Region,4,0,2418,2496,0,4914,2165.0,2367.0,0.0,4532.0
2012,2013,SUC-LUC,2,Region I - Ilocos Region,4,0,2237,2201,0,4438,2418.0,2496.0,0.0,4914.0
2013,2014,SUC-LUC,2,Region I - Ilocos Region,4,0,2267,2321,0,4588,2237.0,2201.0,0.0,4438.0
2014,2015,SUC-LUC,2,Region I - Ilocos Region,4,0,2249,2268,0,4517,2267.0,2321.0,0.0,4588.0
2015,2016,SUC-LUC,2,Region I - Ilocos Region,4,0,1904,1973,0,3877,2249.0,2268.0,0.0,4517.0
2016,2017,SUC-LUC,2,Region I - Ilocos Region,4,1,1902,2359,2686,6947,1904.0,1973.0,0.0,3877.0
2017,2018,SUC-LUC,2,Region I - Ilocos Region,4,1,1902,2340,6378,10620,1902.0,2359.0,2686.0,6947.0
2018,2019,SUC-LUC,2,Region I - Ilocos Region,4,1,1884,2272,5263,9419,1902.0,2340.0,6378.0,10620.0
2019,2020,SUC-LUC,2,Region I - Ilocos Region,4,1,1912,2159,2953,7024,1884.0,2272.0,5263.0,9419.0
2020,2021,SUC-LUC,2,Region I - Ilocos Region,4,1,1762,2113,2368,6243,1912.0,2159.0,2953.0,7024.0
2010,2011,Private,1,Region II - Cagayan Valley,5,0,36416,46042,0,82458,,,,
2011,2012,Private,1,Region II - Cagayan Valley,5,0,36728,46006,0,82734,36416.0,46042.0,0.0,82458.0
2012,2013,Private,1,Region II - Cagayan Valley,5,0,37371,46171,0,83542,36728.0,46006.0,0.0,82734.0
2013,2014,Private,1,Region II - Cagayan Valley,5,0,37874,45515,0,83389,37371.0,46171.0,0.0,83542.0
2014,2015,Private,1,Region II - Cagayan Valley,5,0,37328,45515,0,82843,37874.0,45515.0,0.0,83389.0
2015,2016,Private,1,Region II - Cagayan Valley,5,0,36636,44761,0,81397,37328.0,45515.0,0.0,82843.0
2016,2017,Private,1,Region II - Cagayan Valley,5,1,31892,44001,15975,91868,36636.0,44761.0,0.0,81397.0
2017,2018,Private,1,Region II - Cagayan Valley,5,1,31913,43993,29131,105037,31892.0,44001.0,15975.0,91868.0
2018,2019,Private,1,Region II - Cagayan Valley,5,1,34450,44537,31414,110401,31913.0,43993.0,29131.0,105037.0
2019,2020,Private,1,Region II - Cagayan Valley,5,1,33640,44997,30588,109225,34450.0,44537.0,31414.0,110401.0
2020,2021,Private,1,Region II - Cagayan Valley,5,1,25070,42221,27483,94774,33640.0,44997.0,30588.0,109225.0
2010,2011,Public,0,Region II - Cagayan Valley,5,0,450855,195048,0,645903,,,,
2011,2012,Public,0,Region II - Cagayan Valley,5,0,486329,194409,0,680738,450855.0,195048.0,0.0,645903.0
2012,2013,Public,0,Region II - Cagayan Valley,5,0,501138,193387,0,694525,486329.0,194409.0,0.0,680738.0
2013,2014,Public,0,Region II - Cagayan Valley,5,0,508954,195536,0,704490,501138.0,193387.0,0.0,694525.0
2014,2015,Public,0,Region II - Cagayan Valley,5,0,508447,197210,0,705657,508954.0,195536.0,0.0,704490.0
2015,2016,Public,0,Region II - Cagayan Valley,5,0,506728,200203,0,706931,508447.0,197210.0,0.0,705657.0
2016,2017,Public,0,Region II - Cagayan Valley,5,1,492695,205491,31517,729703,506728.0,200203.0,0.0,706931.0
2017,2018,Public,0,Region II - Cagayan Valley,5,1,490491,211445,61394,763330,492695.0,205491.0,31517.0,729703.0
2018,2019,Public,0,Region II - Cagayan Valley,5,1,490556,224708,69410,784674,490491.0,211445.0,61394.0,763330.0
2019,2020,Public,0,Region II - Cagayan Valley,5,1,476909,231981,76346,785236,490556.0,224708.0,69410.0,784674.0
2020,2021,Public,0,Region II - Cagayan Valley,5,1,483249,247604,87035,817888,476909.0,231981.0,76346.0,785236.0
2010,2011,SUC-LUC,2,Region II - Cagayan Valley,5,0,0,1913,0,1913,,,,
2011,2012,SUC-LUC,2,Region II - Cagayan Valley,5,0,0,1890,0,1890,0.0,1913.0,0.0,1913.0
2012,2013,SUC-LUC,2,Region II - Cagayan Valley,5,0,0,1890,0,1890,0.0,1890.0,0.0,1890.0
2013,2014,SUC-LUC,2,Region II - Cagayan Valley,5,0,43,1676,0,1719,0.0,1890.0,0.0,1890.0
2014,2015,SUC-LUC,2,Region II - Cagayan Valley,5,0,0,1280,0,1280,43.0,1676.0,0.0,1719.0
2015,2016,SUC-LUC,2,Region II - Cagayan Valley,5,0,0,499,0,499,0.0,1280.0,0.0,1280.0
2016,2017,SUC-LUC,2,Region II - Cagayan Valley,5,1,0,326,881,1207,0.0,499.0,0.0,499.0
2017,2018,SUC-LUC,2,Region II - Cagayan Valley,5,1,0,202,1178,1380,0.0,326.0,881.0,1207.0
2018,2019,SUC-LUC,2,Region II - Cagayan Valley,5,1,0,102,690,792,0.0,202.0,1178.0,1380.0
2019,2020,SUC-LUC,2,Region II - Cagayan Valley,5,1,0,47,495,542,0.0,102.0,690.0,792.0
2020,2021,SUC-LUC,2,Region II - Cagayan Valley,5,1,0,0,660,660,0.0,47.0,495.0,542.0
2010,2011,Private,1,Region III - Central Luzon,6,0,225183,186565,0,411748,,,,
2011,2012,Private,1,Region III - Central Luzon,6,0,223014,184820,0,407834,225183.0,186565.0,0.0,411748.0
2012,2013,Private,1,Region III - Central Luzon,6,0,226420,184024,0,410444,223014.0,184820.0,0.0,407834.0
2013,2014,Private,1,Region III - Central Luzon,6,0,223651,180166,0,403817,226420.0,184024.0,0.0,410444.0
2014,2015,Private,1,Region III - Central Luzon,6,0,220830,180166,0,400996,223651.0,180166.0,0.0,403817.0
2015,2016,Private,1,Region III - Central Luzon,6,0,208972,168745,0,377717,220830.0,180166.0,0.0,400996.0
2016,2017,Private,1,Region III - Central Luzon,6,1,190991,174188,83401,448580,208972.0,168745.0,0.0,377717.0
2017,2018,Private,1,Region III - Central Luzon,6,1,190187,176641,163762,530590,190991.0,174188.0,83401.0,448580.0
2018,2019,Private,1,Region III - Central Luzon,6,1,200663,180963,177985,559611,190187.0,176641.0,163762.0,530590.0
2019,2020,Private,1,Region III - Central Luzon,6,1,195473,181862,178500,555835,200663.0,180963.0,177985.0,559611.0
2020,2021,Private,1,Region III - Central Luzon,6,1,113227,152954,158372,424553,195473.0,181862.0,178500.0,555835.0
2010,2011,Public,0,Region III - Central Luzon,6,0,1429093,583896,0,2012989,,,,
2011,2012,Public,0,Region III - Central Luzon,6,0,1461183,591251,0,2052434,1429093.0,583896.0,0.0,2012989.0
2012,2013,Public,0,Region III - Central Luzon,6,0,1486751,602304,0,2089055,1461183.0,591251.0,0.0,2052434.0
2013,2014,Public,0,Region III - Central Luzon,6,0,1526637,626950,0,2153587,1486751.0,602304.0,0.0,2089055.0
2014,2015,Public,0,Region III - Central Luzon,6,0,1527807,638321,0,2166128,1526637.0,626950.0,0.0,2153587.0
2015,2016,Public,0,Region III - Central Luzon,6,0,1522197,650061,0,2172258,1527807.0,638321.0,0.0,2166128.0
2016,2017,Public,0,Region III - Central Luzon,6,1,1478061,663906,75830,2217797,1522197.0,650061.0,0.0,2172258.0
2017,2018,Public,0,Region III - Central Luzon,6,1,1472116,675581,140422,2288119,1478061.0,663906.0,75830.0,2217797.0
2018,2019,Public,0,Region III - Central Luzon,6,1,1476123,706740,158236,2341099,1472116.0,675581.0,140422.0,2288119.0
2019,2020,Public,0,Region III - Central Luzon,6,1,1440188,728337,172365,2340890,1476123.0,706740.0,158236.0,2341099.0
2020,2021,Public,0,Region III - Central Luzon,6,1,1446404,746367,200235,2393006,1440188.0,728337.0,172365.0,2340890.0
2010,2011,SUC-LUC,2,Region III - Central Luzon,6,0,0,7587,0,7587,,,,
2011,2012,SUC-LUC,2,Region III - Central Luzon,6,0,0,7702,0,7702,0.0,7587.0,0.0,7587.0
2012,2013,SUC-LUC,2,Region III - Central Luzon,6,0,0,7129,0,7129,0.0,7702.0,0.0,7702.0
2013,2014,SUC-LUC,2,Region III - Central Luzon,6,0,0,6349,0,6349,0.0,7129.0,0.0,7129.0
2014,2015,SUC-LUC,2,Region III - Central Luzon,6,0,31,5485,0,5516,0.0,6349.0,0.0,6349.0
2015,2016,SUC-LUC,2,Region III - Central Luzon,6,0,476,3549,0,4025,31.0,5485.0,0.0,5516.0
2016,2017,SUC-LUC,2,Region III - Central Luzon,6,1,0,4036,5987,10023,476.0,3549.0,0.0,4025.0
2017,2018,SUC-LUC,2,Region III - Central Luzon,6,1,0,3680,9582,13262,0.0,4036.0,5987.0,10023.0
2018,2019,SUC-LUC,2,Region III - Central Luzon,6,1,20,4550,7773,12343,0.0,3680.0,9582.0,13262.0
2019,2020,SUC-LUC,2,Region III - Central Luzon,6,1,16,4745,6650,11411,20.0,4550.0,7773.0,12343.0
2020,2021,SUC-LUC,2,Region III - Central Luzon,6,1,4,2873,6393,9270,16.0,4745.0,6650.0,11411.0
2010,2011,Private,1,Region IV-A - CALABARZON,7,0,328758,244590,0,573348,,,,
2011,2012,Private,1,Region IV-A - CALABARZON,7,0,361756,262664,0,624420,328758.0,244590.0,0.0,573348.0
2012,2013,Private,1,Region IV-A - CALABARZON,7,0,374965,265408,0,640373,361756.0,262664.0,0.0,624420.0
2013,2014,Private,1,Region IV-A - CALABARZON,7,0,364964,246689,0,611653,374965.0,265408.0,0.0,640373.0
2014,2015,Private,1,Region IV-A - CALABARZON,7,0,339102,246689,0,585791,364964.0,246689.0,0.0,611653.0
2015,2016,Private,1,Region IV-A - CALABARZON,7,0,315314,241236,0,556550,339102.0,246689.0,0.0,585791.0
2016,2017,Private,1,Region IV-A - CALABARZON,7,1,314424,251916,129023,695363,315314.0,241236.0,0.0,556550.0
2017,2018,Private,1,Region IV-A - CALABARZON,7,1,324579,260596,249893,835068,314424.0,251916.0,129023.0,695363.0
2018,2019,Private,1,Region IV-A - CALABARZON,7,1,337570,267598,263216,868384,324579.0,260596.0,249893.0,835068.0
2019,2020,Private,1,Region IV-A - CALABARZON,7,1,331082,272157,270022,873261,337570.0,267598.0,263216.0,868384.0
2020,2021,Private,1,Region IV-A - CALABARZON,7,1,192332,219257,237988,649577,331082.0,272157.0,270022.0,873261.0
2010,2011,Public,0,Region IV-A - CALABARZON,7,0,1660065,698026,0,2358091,,,,
2011,2012,Public,0,Region IV-A - CALABARZON,7,0,1742772,715219,0,2457991,1660065.0,698026.0,0.0,2358091.0
2012,2013,Public,0,Region IV-A - CALABARZON,7,0,1801832,737463,0,2539295,1742772.0,715219.0,0.0,2457991.0
2013,2014,Public,0,Region IV-A - CALABARZON,7,0,1818590,744253,0,2562843,1801832.0,737463.0,0.0,2539295.0
2014,2015,Public,0,Region IV-A - CALABARZON,7,0,1859473,777554,0,2637027,1818590.0,744253.0,0.0,2562843.0
2015,2016,Public,0,Region IV-A - CALABARZON,7,0,1856868,795909,0,2652777,1859473.0,777554.0,0.0,2637027.0
2016,2017,Public,0,Region IV-A - CALABARZON,7,1,1831540,819958,75896,2727394,1856868.0,795909.0,0.0,2652777.0
2017,2018,Public,0,Region IV-A - CALABARZON,7,1,1838596,848434,145547,2832577,1831540.0,819958.0,75896.0,2727394.0
2018,2019,Public,0,Region IV-A - CALABARZON,7,1,1845363,906146,165400,2916909,1838596.0,848434.0,145547.0,2832577.0
2019,2020,Public,0,Region IV-A - CALABARZON,7,1,1819152,937290,180695,2937137,1845363.0,906146.0,165400.0,2916909.0
2020,2021,Public,0,Region IV-A - CALABARZON,7,1,1829632,955285,206990,2991907,1819152.0,937290.0,180695.0,2937137.0
2010,2011,SUC-LUC,2,Region IV-A - CALABARZON,7,0,2770,4011,0,6781,,,,
2011,2012,SUC-LUC,2,Region IV-A - CALABARZON,7,0,2587,4373,0,6960,2770.0,4011.0,0.0,6781.0
2012,2013,SUC-LUC,2,Region IV-A - CALABARZON,7,0,2705,4464,0,7169,2587.0,4373.0,0.0,6960.0
2013,2014,SUC-LUC,2,Region IV-A - CALABARZON,7,0,2188,4138,0,6326,2705.0,4464.0,0.0,7169.0
2014,2015,SUC-LUC,2,Region IV-A - CALABARZON,7,0,2429,3384,0,5813,2188.0,4138.0,0.0,6326.0
2015,2016,SUC-LUC,2,Region IV-A - CALABARZON,7,0,1666,4306,0,5972,2429.0,3384.0,0.0,5813.0
2016,2017,SUC-LUC,2,Region IV-A - CALABARZON,7,1,1676,2146,2219,6041,1666.0,4306.0,0.0,5972.0
2017,2018,SUC-LUC,2,Region IV-A - CALABARZON,7,1,1676,3856,4933,10465,1676.0,2146.0,2219.0,6041.0
2018,2019,SUC-LUC,2,Region IV-A - CALABARZON,7,1,1825,4103,5778,11706,1676.0,3856.0,4933.0,10465.0
2019,2020,SUC-LUC,2,Region IV-A - CALABARZON,7,1,1696,3462,6613,11771,1825.0,4103.0,5778.0,11706.0
2020,2021,SUC-LUC,2,Region IV-A - CALABARZON,7,1,1470,3146,6890,11506,1696.0,3462.0,6613.0,11771.0
2010,2011,Private,1,Region IV-B - MIMAROPA,8,0,21987,31027,0,53014,,,,
2011,2012,Private,1,Region IV-B - MIMAROPA,8,0,22425,31237,0,53662,21987.0,31027.0,0.0,53014.0
2012,2013,Private,1,Region IV-B - MIMAROPA,8,0,23608,31478,0,55086,22425.0,31237.0,0.0,53662.0
2013,2014,Private,1,Region IV-B - MIMAROPA,8,0,20485,29591,0,50076,23608.0,31478.0,0.0,55086.0
2014,2015,Private,1,Region IV-B - MIMAROPA,8,0,19395,29591,0,48986,20485.0,29591.0,0.0,50076.0
2015,2016,Private,1,Region IV-B - MIMAROPA,8,0,22526,31373,0,53899,19395.0,29591.0,0.0,48986.0
2016,2017,Private,1,Region IV-B - MIMAROPA,8,1,19956,31051,10624,61631,22526.0,31373.0,0.0,53899.0
2017,2018,Private,1,Region IV-B - MIMAROPA,8,1,20187,31211,20960,72358,19956.0,31051.0,10624.0,61631.0
2018,2019,Private,1,Region IV-B - MIMAROPA,8,1,21125,31160,22778,75063,20187.0,31211.0,20960.0,72358.0
2019,2020,Private,1,Region IV-B - MIMAROPA,8,1,21707,31589,21649,74945,21125.0,31160.0,22778.0,75063.0
2020,2021,Private,1,Region IV-B - MIMAROPA,8,1,15937,29567,20433,65937,21707.0,31589.0,21649.0,74945.0
2010,2011,Public,0,Region IV-B - MIMAROPA,8,0,508155,186293,0,694448,,,,
2011,2012,Public,0,Region IV-B - MIMAROPA,8,0,537109,188972,0,726081,508155.0,186293.0,0.0,694448.0
2012,2013,Public,0,Region IV-B - MIMAROPA,8,0,541055,194223,0,735278,537109.0,188972.0,0.0,726081.0
2013,2014,Public,0,Region IV-B - MIMAROPA,8,0,538840,200070,0,738910,541055.0,194223.0,0.0,735278.0
2014,2015,Public,0,Region IV-B - MIMAROPA,8,0,537239,206565,0,743804,538840.0,200070.0,0.0,738910.0
2015,2016,Public,0,Region IV-B - MIMAROPA,8,0,531269,211807,0,743076,537239.0,206565.0,0.0,743804.0
2016,2017,Public,0,Region IV-B - MIMAROPA,8,1,513955,217082,30741,761778,531269.0,211807.0,0.0,743076.0
2017,2018,Public,0,Region IV-B - MIMAROPA,8,1,504783,227871,57276,789930,513955.0,217082.0,30741.0,761778.0
2018,2019,Public,0,Region IV-B - MIMAROPA,8,1,498053,239905,64390,802348,504783.0,227871.0,57276.0,789930.0
2019,2020,Public,0,Region IV-B - MIMAROPA,8,1,488304,243091,72400,803795,498053.0,239905.0,64390.0,802348.0
2020,2021,Public,0,Region IV-B - MIMAROPA,8,1,487659,242107,81483,811249,488304.0,243091.0,72400.0,803795.0
2010,2011,SUC-LUC,2,Region IV-B - MIMAROPA,8,0,1176,2948,0,4124,,,,
2011,2012,SUC-LUC,2,Region IV-B - MIMAROPA,8,0,1111,2298,0,3409,1176.0,2948.0,0.0,4124.0
2012,2013,SUC-LUC,2,Region IV-B - MIMAROPA,8,0,1126,2129,0,3255,1111.0,2298.0,0.0,3409.0
2013,2014,SUC-LUC,2,Region IV-B - MIMAROPA,8,0,875,1888,0,2763,1126.0,2129.0,0.0,3255.0
2014,2015,SUC-LUC,2,Region IV-B - MIMAROPA,8,0,881,1670,0,2551,875.0,1888.0,0.0,2763.0
2015,2016,SUC-LUC,2,Region IV-B - MIMAROPA,8,0,732,1343,0,2075,881.0,1670.0,0.0,2551.0
2016,2017,SUC-LUC,2,Region IV-B - MIMAROPA,8,1,873,1655,3034,5562,732.0,1343.0,0.0,2075.0
2017,2018,SUC-LUC,2,Region IV-B - MIMAROPA,8,1,873,1752,5315,7940,873.0,1655.0,3034.0,5562.0
2018,2019,SUC-LUC,2,Region IV-B - MIMAROPA,8,1,837,1755,5019,7611,873.0,1752.0,5315.0,7940.0
2019,2020,SUC-LUC,2,Region IV-B - MIMAROPA,8,1,835,1922,4979,7736,837.0,1755.0,5019.0,7611.0
2020,2021,SUC-LUC,2,Region IV-B - MIMAROPA,8,1,800,1798,2979,5577,835.0,1922.0,4979.0,7736.0
2010,2011,Private,1,Region IX - Zamboanga Peninsula,9,0,22126,28276,0,50402,,,,
2011,2012,Private,1,Region IX - Zamboanga Peninsula,9,0,23071,30012,0,53083,22126.0,28276.0,0.0,50402.0
2012,2013,Private,1,Region IX - Zamboanga Peninsula,9,0,25340,29069,0,54409,23071.0,30012.0,0.0,53083.0
2013,2014,Private,1,Region IX - Zamboanga Peninsula,9,0,25399,26271,0,51670,25340.0,29069.0,0.0,54409.0
2014,2015,Private,1,Region IX - Zamboanga Peninsula,9,0,24072,26271,0,50343,25399.0,26271.0,0.0,51670.0
2015,2016,Private,1,Region IX - Zamboanga Peninsula,9,0,26091,28294,0,54385,24072.0,26271.0,0.0,50343.0
2016,2017,Private,1,Region IX - Zamboanga Peninsula,9,1,19726,27882,17653,65261,26091.0,28294.0,0.0,54385.0
2017,2018,Private,1,Region IX - Zamboanga Peninsula,9,1,21302,28696,31364,81362,19726.0,27882.0,17653.0,65261.0
2018,2019,Private,1,Region IX - Zamboanga Peninsula,9,1,23383,31458,32611,87452,21302.0,28696.0,31364.0,81362.0
2019,2020,Private,1,Region IX - Zamboanga Peninsula,9,1,23563,32283,33249,89095,23383.0,31458.0,32611.0,87452.0
2020,2021,Private,1,Region IX - Zamboanga Peninsula,9,1,17679,28907,29746,76332,23563.0,32283.0,33249.0,89095.0
2010,2011,Public,0,Region IX - Zamboanga Peninsula,9,0,627117,210189,0,837306,,,,
2011,2012,Public,0,Region IX - Zamboanga Peninsula,9,0,659331,213082,0,872413,627117.0,210189.0,0.0,837306.0
2012,2013,Public,0,Region IX - Zamboanga Peninsula,9,0,661330,210414,0,871744,659331.0,213082.0,0.0,872413.0
2013,2014,Public,0,Region IX - Zamboanga Peninsula,9,0,639850,209606,0,849456,661330.0,210414.0,0.0,871744.0
2014,2015,Public,0,Region IX - Zamboanga Peninsula,9,0,654784,221941,0,876725,639850.0,209606.0,0.0,849456.0
2015,2016,Public,0,Region IX - Zamboanga Peninsula,9,0,638874,227762,0,866636,654784.0,221941.0,0.0,876725.0
2016,2017,Public,0,Region IX - Zamboanga Peninsula,9,1,618851,239965,24715,883531,638874.0,227762.0,0.0,866636.0
2017,2018,Public,0,Region IX - Zamboanga Peninsula,9,1,603658,257690,47582,908930,618851.0,239965.0,24715.0,883531.0
2018,2019,Public,0,Region IX - Zamboanga Peninsula,9,1,588948,286008,60522,935478,603658.0,257690.0,47582.0,908930.0
2019,2020,Public,0,Region IX - Zamboanga Peninsula,9,1,578799,292964,70183,941946,588948.0,286008.0,60522.0,935478.0
2020,2021,Public,0,Region IX - Zamboanga Peninsula,9,1,562205,302414,82695,947314,578799.0,292964.0,70183.0,941946.0
2010,2011,SUC-LUC,2,Region IX - Zamboanga Peninsula,9,0,993,3227,0,4220,,,,
2011,2012,SUC-LUC,2,Region IX - Zamboanga Peninsula,9,0,1091,2661,0,3752,993.0,3227.0,0.0,4220.0
2012,2013,SUC-LUC,2,Region IX - Zamboanga Peninsula,9,0,0,2254,0,2254,1091.0,2661.0,0.0,3752.0
2013,2014,SUC-LUC,2,Region IX - Zamboanga Peninsula,9,0,28,2085,0,2113,0.0,2254.0,0.0,2254.0
2014,2015,SUC-LUC,2,Region IX - Zamboanga Peninsula,9,0,0,1199,0,1199,28.0,2085.0,0.0,2113.0
2015,2016,SUC-LUC,2,Region IX - Zamboanga Peninsula,9,0,566,2461,0,3027,0.0,1199.0,0.0,1199.0
2016,2017,SUC-LUC,2,Region IX - Zamboanga Peninsula,9,1,587,1879,2456,4922,566.0,2461.0,0.0,3027.0
2017,2018,SUC-LUC,2,Region IX - Zamboanga Peninsula,9,1,587,2156,3194,5937,587.0,1879.0,2456.0,4922.0
2018,2019,SUC-LUC,2,Region IX - Zamboanga Peninsula,9,1,456,2236,4083,6775,587.0,2156.0,3194.0,5937.0
2019,2020,SUC-LUC,2,Region IX - Zamboanga Peninsula,9,1,107,2379,3424,5910,456.0,2236.0,4083.0,6775.0
2020,2021,SUC-LUC,2,Region IX - Zamboanga Peninsula,9,1,0,2292,1963,4255,107.0,2379.0,3424.0,5910.0
2010,2011,Private,1,Region V - Bicol Region,10,0,45775,59441,0,105216,,,,
2011,2012,Private,1,Region V - Bicol Region,10,0,47487,60125,0,107612,45775.0,59441.0,0.0,105216.0
2012,2013,Private,1,Region V - Bicol Region,10,0,48327,60632,0,108959,47487.0,60125.0,0.0,107612.0
2013,2014,Private,1,Region V - Bicol Region,10,0,47712,61864,0,109576,48327.0,60632.0,0.0,108959.0
2014,2015,Private,1,Region V - Bicol Region,10,0,49891,61864,0,111755,47712.0,61864.0,0.0,109576.0
2015,2016,Private,1,Region V - Bicol Region,10,0,49279,60059,0,109338,49891.0,61864.0,0.0,111755.0
2016,2017,Private,1,Region V - Bicol Region,10,1,43316,59852,22101,125269,49279.0,60059.0,0.0,109338.0
2017,2018,Private,1,Region V - Bicol Region,10,1,43981,62402,43586,149969,43316.0,59852.0,22101.0,125269.0
2018,2019,Private,1,Region V - Bicol Region,10,1,48689,66028,47022,161739,43981.0,62402.0,43586.0,149969.0
2019,2020,Private,1,Region V - Bicol Region,10,1,48429,67212,48999,164640,48689.0,66028.0,47022.0,161739.0
2020,2021,Private,1,Region V - Bicol Region,10,1,32493,60747,46124,139364,48429.0,67212.0,48999.0,164640.0
2010,2011,Public,0,Region V - Bicol Region,10,0,1074029,381209,0,1455238,,,,
2011,2012,Public,0,Region V - Bicol Region,10,0,1119296,389582,0,1508878,1074029.0,381209.0,0.0,1455238.0
2012,2013,Public,0,Region V - Bicol Region,10,0,1120452,397002,0,1517454,1119296.0,389582.0,0.0,1508878.0
2013,2014,Public,0,Region V - Bicol Region,10,0,1120982,412727,0,1533709,1120452.0,397002.0,0.0,1517454.0
2014,2015,Public,0,Region V - Bicol Region,10,0,1098314,428206,0,1526520,1120982.0,412727.0,0.0,1533709.0
2015,2016,Public,0,Region V - Bicol Region,10,0,1071209,437533,0,1508742,1098314.0,428206.0,0.0,1526520.0
2016,2017,Public,0,Region V - Bicol Region,10,1,1027214,452526,65459,1545199,1071209.0,437533.0,0.0,1508742.0
2017,2018,Public,0,Region V - Bicol Region,10,1,999895,478451,126943,1605289,1027214.0,452526.0,65459.0,1545199.0
2018,2019,Public,0,Region V - Bicol Region,10,1,965968,514971,145237,1626176,999895.0,478451.0,126943.0,1605289.0
2019,2020,Public,0,Region V - Bicol Region,10,1,942422,514819,156663,1613904,965968.0,514971.0,145237.0,1626176.0
2020,2021,Public,0,Region V - Bicol Region,10,1,902169,466447,153851,1522467,942422.0,514819.0,156663.0,1613904.0
2010,2011,SUC-LUC,2,Region V - Bicol Region,10,0,1481,2934,0,4415,,,,
2011,2012,SUC-LUC,2,Region V - Bicol Region,10,0,1448,3122,0,4570,1481.0,2934.0,0.0,4415.0
2012,2013,SUC-LUC,2,Region V - Bicol Region,10,0,1543,3695,0,5238,1448.0,3122.0,0.0,4570.0
2013,2014,SUC-LUC,2,Region V - Bicol Region,10,0,1010,2546,0,3556,1543.0,3695.0,0.0,5238.0
2014,2015,SUC-LUC,2,Region V - Bicol Region,10,0,1079,2276,0,3355,1010.0,2546.0,0.0,3556.0
2015,2016,SUC-LUC,2,Region V - Bicol Region,10,0,932,1802,0,2734,1079.0,2276.0,0.0,3355.0
2016,2017,SUC-LUC,2,Region V - Bicol Region,10,1,625,2521,1402,4548,932.0,1802.0,0.0,2734.0
2017,2018,SUC-LUC,2,Region V - Bicol Region,10,1,625,2192,2810,5627,625.0,2521.0,1402.0,4548.0
2018,2019,SUC-LUC,2,Region V - Bicol Region,10,1,551,1522,2351,4424,625.0,2192.0,2810.0,5627.0
2019,2020,SUC-LUC,2,Region V - Bicol Region,10,1,494,1452,2369,4315,551.0,1522.0,2351.0,4424.0
2020,2021,SUC-LUC,2,Region V - Bicol Region,10,1,379,1212,1831,3422,494.0,1452.0,2369.0,4315.0
2010,2011,Private,1,Region VI - Western Visayas,11,0,77293,75556,0,152849,,,,
2011,2012,Private,1,Region VI - Western Visayas,11,0,85015,77332,0,162347,77293.0,75556.0,0.0,152849.0
2012,2013,Private,1,Region VI - Western Visayas,11,0,98679,77380,0,176059,85015.0,77332.0,0.0,162347.0
2013,2014,Private,1,Region VI - Western Visayas,11,0,99583,76147,0,175730,98679.0,77380.0,0.0,176059.0
2014,2015,Private,1,Region VI - Western Visayas,11,0,98635,76147,0,174782,99583.0,76147.0,0.0,175730.0
2015,2016,Private,1,Region VI - Western Visayas,11,0,105218,75009,0,180227,98635.0,76147.0,0.0,174782.0
2016,2017,Private,1,Region VI - Western Visayas,11,1,80542,76556,32799,189897,105218.0,75009.0,0.0,180227.0
2017,2018,Private,1,Region VI - Western Visayas,11,1,81213,78752,64117,224082,80542.0,76556.0,32799.0,189897.0
2018,2019,Private,1,Region VI - Western Visayas,11,1,84372,83001,67679,235052,81213.0,78752.0,64117.0,224082.0
2019,2020,Private,1,Region VI - Western Visayas,11,1,82215,85318,68765,236298,84372.0,83001.0,67679.0,235052.0
2020,2021,Private,1,Region VI - Western Visayas,11,1,54317,78456,60290,193063,82215.0,85318.0,68765.0,236298.0
2010,2011,Public,0,Region VI - Western Visayas,11,0,1091834,470900,0,1562734,,,,
2011,2012,Public,0,Region VI - Western Visayas,11,0,1159357,470352,0,1629709,1091834.0,470900.0,0.0,1562734.0
2012,2013,Public,0,Region VI - Western Visayas,11,0,1182696,468552,0,1651248,1159357.0,470352.0,0.0,1629709.0
2013,2014,Public,0,Region VI - Western Visayas,11,0,1195683,476896,0,1672579,1182696.0,468552.0,0.0,1651248.0
2014,2015,Public,0,Region VI - Western Visayas,11,0,1194262,488379,0,1682641,1195683.0,476896.0,0.0,1672579.0
2015,2016,Public,0,Region VI - Western Visayas,11,0,1171357,492452,0,1663809,1194262.0,488379.0,0.0,1682641.0
2016,2017,Public,0,Region VI - Western Visayas,11,1,1130395,502730,79320,1712445,1171357.0,492452.0,0.0,1663809.0
2017,2018,Public,0,Region VI - Western Visayas,11,1,1109513,526919,147356,1783788,1130395.0,502730.0,79320.0,1712445.0
2018,2019,Public,0,Region VI - Western Visayas,11,1,1075565,574057,160311,1809933,1109513.0,526919.0,147356.0,1783788.0
2019,2020,Public,0,Region VI - Western Visayas,11,1,1036793,585986,176521,1799300,1075565.0,574057.0,160311.0,1809933.0
2020,2021,Public,0,Region VI - Western Visayas,11,1,1037049,609300,200555,1846904,1036793.0,585986.0,176521.0,1799300.0
2010,2011,SUC-LUC,2,Region VI - Western Visayas,11,0,1527,4219,0,5746,,,,
2011,2012,SUC-LUC,2,Region VI - Western Visayas,11,0,2325,4723,0,7048,1527.0,4219.0,0.0,5746.0
2012,2013,SUC-LUC,2,Region VI - Western Visayas,11,0,2564,5502,0,8066,2325.0,4723.0,0.0,7048.0
2013,2014,SUC-LUC,2,Region VI - Western Visayas,11,0,1181,2585,0,3766,2564.0,5502.0,0.0,8066.0
2014,2015,SUC-LUC,2,Region VI - Western Visayas,11,0,732,2133,0,2865,1181.0,2585.0,0.0,3766.0
2015,2016,SUC-LUC,2,Region VI - Western Visayas,11,0,109,1488,0,1597,732.0,2133.0,0.0,2865.0
2016,2017,SUC-LUC,2,Region VI - Western Visayas,11,1,731,3079,1601,5411,109.0,1488.0,0.0,1597.0
2017,2018,SUC-LUC,2,Region VI - Western Visayas,11,1,731,2814,4836,8381,731.0,3079.0,1601.0,5411.0
2018,2019,SUC-LUC,2,Region VI - Western Visayas,11,1,774,2699,4679,8152,731.0,2814.0,4836.0,8381.0
2019,2020,SUC-LUC,2,Region VI - Western Visayas,11,1,672,2442,1938,5052,774.0,2699.0,4679.0,8152.0
2020,2021,SUC-LUC,2,Region VI - Western Visayas,11,1,688,2325,940,3953,672.0,2442.0,1938.0,5052.0
2010,2011,Private,1,Region VII - Central Visayas,12,0,103903,111226,0,215129,,,,
2011,2012,Private,1,Region VII - Central Visayas,12,0,105575,113092,0,218667,103903.0,111226.0,0.0,215129.0
2012,2013,Private,1,Region VII - Central Visayas,12,0,107000,108491,0,215491,105575.0,113092.0,0.0,218667.0
2013,2014,Private,1,Region VII - Central Visayas,12,0,107986,103950,0,211936,107000.0,108491.0,0.0,215491.0
2014,2015,Private,1,Region VII - Central Visayas,12,0,99863,103950,0,203813,107986.0,103950.0,0.0,211936.0
2015,2016,Private,1,Region VII - Central Visayas,12,0,103191,105793,0,208984,99863.0,103950.0,0.0,203813.0
2016,2017,Private,1,Region VII - Central Visayas,12,1,93539,103542,47777,244858,103191.0,105793.0,0.0,208984.0
2017,2018,Private,1,Region VII - Central Visayas,12,1,96405,106541,92695,295641,93539.0,103542.0,47777.0,244858.0
2018,2019,Private,1,Region VII - Central Visayas,12,1,101870,116111,101304,319285,96405.0,106541.0,92695.0,295641.0
2019,2020,Private,1,Region VII - Central Visayas,12,1,101004,115587,103474,320065,101870.0,116111.0,101304.0,319285.0
2020,2021,Private,1,Region VII - Central Visayas,12,1,63743,99497,89691,252931,101004.0,115587.0,103474.0,320065.0
2010,2011,Public,0,Region VII - Central Visayas,12,0,1098109,412049,0,1510158,,,,
2011,2012,Public,0,Region VII - Central Visayas,12,0,1150513,415315,0,1565828,1098109.0,412049.0,0.0,1510158.0
2012,2013,Public,0,Region VII - Central Visayas,12,0,1167896,427667,0,1595563,1150513.0,415315.0,0.0,1565828.0
2013,2014,Public,0,Region VII - Central Visayas,12,0,1180443,441264,0,1621707,1167896.0,427667.0,0.0,1595563.0
2014,2015,Public,0,Region VII - Central Visayas,12,0,1177715,456528,0,1634243,1180443.0,441264.0,0.0,1621707.0
2015,2016,Public,0,Region VII - Central Visayas,12,0,1158734,467744,0,1626478,1177715.0,456528.0,0.0,1634243.0
2016,2017,Public,0,Region VII - Central Visayas,12,1,1120882,482586,57360,1660828,1158734.0,467744.0,0.0,1626478.0
2017,2018,Public,0,Region VII - Central Visayas,12,1,1102318,500753,118073,1721144,1120882.0,482586.0,57360.0,1660828.0
2018,2019,Public,0,Region VII - Central Visayas,12,1,1074158,548666,135113,1757937,1102318.0,500753.0,118073.0,1721144.0
2019,2020,Public,0,Region VII - Central Visayas,12,1,1050085,555366,151009,1756460,1074158.0,548666.0,135113.0,1757937.0
2020,2021,Public,0,Region VII - Central Visayas,12,1,1040762,545651,166333,1752746,1050085.0,555366.0,151009.0,1756460.0
2010,2011,SUC-LUC,2,Region VII - Central Visayas,12,0,818,1952,0,2770,,,,
2011,2012,SUC-LUC,2,Region VII - Central Visayas,12,0,981,1196,0,2177,818.0,1952.0,0.0,2770.0
2012,2013,SUC-LUC,2,Region VII - Central Visayas,12,0,885,1155,0,2040,981.0,1196.0,0.0,2177.0
2013,2014,SUC-LUC,2,Region VII - Central Visayas,12,0,758,1597,0,2355,885.0,1155.0,0.0,2040.0
2014,2015,SUC-LUC,2,Region VII - Central Visayas,12,0,684,965,0,1649,758.0,1597.0,0.0,2355.0
2015,2016,SUC-LUC,2,Region VII - Central Visayas,12,0,422,843,0,1265,684.0,965.0,0.0,1649.0
2016,2017,SUC-LUC,2,Region VII - Central Visayas,12,1,615,961,2313,3889,422.0,843.0,0.0,1265.0
2017,2018,SUC-LUC,2,Region VII - Central Visayas,12,1,615,1063,3631,5309,615.0,961.0,2313.0,3889.0
2018,2019,SUC-LUC,2,Region VII - Central Visayas,12,1,569,974,3261,4804,615.0,1063.0,3631.0,5309.0
2019,2020,SUC-LUC,2,Region VII - Central Visayas,12,1,371,706,1642,2719,569.0,974.0,3261.0,4804.0
2020,2021,SUC-LUC,2,Region VII - Central Visayas,12,1,2,539,923,1464,371.0,706.0,1642.0,2719.0
2010,2011,Private,1,Region VIII - Eastern Visayas,13,0,26152,36482,0,62634,,,,
2011,2012,Private,1,Region VIII - Eastern Visayas,13,0,25695,37320,0,63015,26152.0,36482.0,0.0,62634.0
2012,2013,Private,1,Region VIII - Eastern Visayas,13,0,27053,37294,0,64347,25695.0,37320.0,0.0,63015.0
2013,2014,Private,1,Region VIII - Eastern Visayas,13,0,26913,35107,0,62020,27053.0,37294.0,0.0,64347.0
2014,2015,Private,1,Region VIII - Eastern Visayas,13,0,25905,35107,0,61012,26913.0,35107.0,0.0,62020.0
2015,2016,Private,1,Region VIII - Eastern Visayas,13,0,25208,33466,0,58674,25905.0,35107.0,0.0,61012.0
2016,2017,Private,1,Region VIII - Eastern Visayas,13,1,22557,34536,13103,70196,25208.0,33466.0,0.0,58674.0
2017,2018,Private,1,Region VIII - Eastern Visayas,13,1,22621,35922,24974,83517,22557.0,34536.0,13103.0,70196.0
2018,2019,Private,1,Region VIII - Eastern Visayas,13,1,23652,36784,26363,86799,22621.0,35922.0,24974.0,83517.0
2019,2020,Private,1,Region VIII - Eastern Visayas,13,1,23234,35474,26762,85470,23652.0,36784.0,26363.0,86799.0
2020,2021,Private,1,Region VIII - Eastern Visayas,13,1,16266,32481,24367,73114,23234.0,35474.0,26762.0,85470.0
2010,2011,Public,0,Region VIII - Eastern Visayas,13,0,777899,288339,0,1066238,,,,
2011,2012,Public,0,Region VIII - Eastern Visayas,13,0,805453,292441,0,1097894,777899.0,288339.0,0.0,1066238.0
2012,2013,Public,0,Region VIII - Eastern Visayas,13,0,804074,300212,0,1104286,805453.0,292441.0,0.0,1097894.0
2013,2014,Public,0,Region VIII - Eastern Visayas,13,0,793876,312449,0,1106325,804074.0,300212.0,0.0,1104286.0
2014,2015,Public,0,Region VIII - Eastern Visayas,13,0,784027,316783,0,1100810,793876.0,312449.0,0.0,1106325.0
2015,2016,Public,0,Region VIII - Eastern Visayas,13,0,766456,326152,0,1092608,784027.0,316783.0,0.0,1100810.0
2016,2017,Public,0,Region VIII - Eastern Visayas,13,1,735399,335245,52394,1123038,766456.0,326152.0,0.0,1092608.0
2017,2018,Public,0,Region VIII - Eastern Visayas,13,1,717578,349000,95907,1162485,735399.0,335245.0,52394.0,1123038.0
2018,2019,Public,0,Region VIII - Eastern Visayas,13,1,700670,365901,108129,1174700,717578.0,349000.0,95907.0,1162485.0
2019,2020,Public,0,Region VIII - Eastern Visayas,13,1,679646,369163,120341,1169150,700670.0,365901.0,108129.0,1174700.0
2020,2021,Public,0,Region VIII - Eastern Visayas,13,1,678933,375109,133025,1187067,679646.0,369163.0,120341.0,1169150.0
2010,2011,SUC-LUC,2,Region VIII - Eastern Visayas,13,0,527,3036,0,3563,,,,
2011,2012,SUC-LUC,2,Region VIII - Eastern Visayas,13,0,502,3271,0,3773,527.0,3036.0,0.0,3563.0
2012,2013,SUC-LUC,2,Region VIII - Eastern Visayas,13,0,481,3187,0,3668,502.0,3271.0,0.0,3773.0
2013,2014,SUC-LUC,2,Region VIII - Eastern Visayas,13,0,526,2809,0,3335,481.0,3187.0,0.0,3668.0
2014,2015,SUC-LUC,2,Region VIII - Eastern Visayas,13,0,536,2339,0,2875,526.0,2809.0,0.0,3335.0
2015,2016,SUC-LUC,2,Region VIII - Eastern Visayas,13,0,261,2027,0,2288,536.0,2339.0,0.0,2875.0
2016,2017,SUC-LUC,2,Region VIII - Eastern Visayas,13,1,540,2242,3052,5834,261.0,2027.0,0.0,2288.0
2017,2018,SUC-LUC,2,Region VIII - Eastern Visayas,13,1,540,2681,5720,8941,540.0,2242.0,3052.0,5834.0
2018,2019,SUC-LUC,2,Region VIII - Eastern Visayas,13,1,558,2836,4048,7442,540.0,2681.0,5720.0,8941.0
2019,2020,SUC-LUC,2,Region VIII - Eastern Visayas,13,1,374,2439,2240,5053,558.0,2836.0,4048.0,7442.0
2020,2021,SUC-LUC,2,Region VIII - Eastern Visayas,13,1,581,2861,2228,5670,374.0,2439.0,2240.0,5053.0
2010,2011,Private,1,Region X - Northern Mindanao,14,0,54330,71401,0,125731,,,,
2011,2012,Private,1,Region X - Northern Mindanao,14,0,53337,67762,0,121099,54330.0,71401.0,0.0,125731.0
2012,2013,Private,1,Region X - Northern Mindanao,14,0,55132,71923,0,127055,53337.0,67762.0,0.0,121099.0
2013,2014,Private,1,Region X - Northern Mindanao,14,0,53604,67890,0,121494,55132.0,71923.0,0.0,127055.0
2014,2015,Private,1,Region X - Northern Mindanao,14,0,56073,67890,0,123963,53604.0,67890.0,0.0,121494.0
2015,2016,Private,1,Region X - Northern Mindanao,14,0,54612,67386,0,121998,56073.0,67890.0,0.0,123963.0
2016,2017,Private,1,Region X - Northern Mindanao,14,1,49833,67058,24350,141241,54612.0,67386.0,0.0,121998.0
2017,2018,Private,1,Region X - Northern Mindanao,14,1,49899,67479,46194,163572,49833.0,67058.0,24350.0,141241.0
2018,2019,Private,1,Region X - Northern Mindanao,14,1,53365,70201,49874,173440,49899.0,67479.0,46194.0,163572.0
2019,2020,Private,1,Region X - Northern Mindanao,14,1,52056,71416,51024,174496,53365.0,70201.0,49874.0,173440.0
2020,2021,Private,1,Region X - Northern Mindanao,14,1,33845,66447,47927,148219,52056.0,71416.0,51024.0,174496.0
2010,2011,Public,0,Region X - Northern Mindanao,14,0,699666,229500,0,929166,,,,
2011,2012,Public,0,Region X - Northern Mindanao,14,0,760533,230578,0,991111,699666.0,229500.0,0.0,929166.0
2012,2013,Public,0,Region X - Northern Mindanao,14,0,758256,231228,0,989484,760533.0,230578.0,0.0,991111.0
2013,2014,Public,0,Region X - Northern Mindanao,14,0,757236,237238,0,994474,758256.0,231228.0,0.0,989484.0
2014,2015,Public,0,Region X - Northern Mindanao,14,0,760080,247217,0,1007297,757236.0,237238.0,0.0,994474.0
2015,2016,Public,0,Region X - Northern Mindanao,14,0,758032,252698,0,1010730,760080.0,247217.0,0.0,1007297.0
2016,2017,Public,0,Region X - Northern Mindanao,14,1,744665,264074,35610,1044349,758032.0,252698.0,0.0,1010730.0
2017,2018,Public,0,Region X - Northern Mindanao,14,1,738254,280185,62974,1081413,744665.0,264074.0,35610.0,1044349.0
2018,2019,Public,0,Region X - Northern Mindanao,14,1,732305,307911,72542,1112758,738254.0,280185.0,62974.0,1081413.0
2019,2020,Public,0,Region X - Northern Mindanao,14,1,720872,321667,81394,1123933,732305.0,307911.0,72542.0,1112758.0
2020,2021,Public,0,Region X - Northern Mindanao,14,1,711556,328315,91784,1131655,720872.0,321667.0,81394.0,1123933.0
2010,2011,SUC-LUC,2,Region X - Northern Mindanao,14,0,490,3294,0,3784,,,,
2011,2012,SUC-LUC,2,Region X - Northern Mindanao,14,0,490,3157,0,3647,490.0,3294.0,0.0,3784.0
2012,2013,SUC-LUC,2,Region X - Northern Mindanao,14,0,490,3157,0,3647,490.0,3157.0,0.0,3647.0
2013,2014,SUC-LUC,2,Region X - Northern Mindanao,14,0,425,2487,0,2912,490.0,3157.0,0.0,3647.0
2014,2015,SUC-LUC,2,Region X - Northern Mindanao,14,0,0,2526,0,2526,425.0,2487.0,0.0,2912.0
2015,2016,SUC-LUC,2,Region X - Northern Mindanao,14,0,0,1320,0,1320,0.0,2526.0,0.0,2526.0
2016,2017,SUC-LUC,2,Region X - Northern Mindanao,14,1,499,3574,4466,8539,0.0,1320.0,0.0,1320.0
2017,2018,SUC-LUC,2,Region X - Northern Mindanao,14,1,499,4658,8226,13383,499.0,3574.0,4466.0,8539.0
2018,2019,SUC-LUC,2,Region X - Northern Mindanao,14,1,516,4779,6206,11501,499.0,4658.0,8226.0,13383.0
2019,2020,SUC-LUC,2,Region X - Northern Mindanao,14,1,493,4726,4515,9734,516.0,4779.0,6206.0,11501.0
2020,2021,SUC-LUC,2,Region X - Northern Mindanao,14,1,480,4916,4964,10360,493.0,4726.0,4515.0,9734.0
2010,2011,Private,1,Region XI - Davao Region,15,0,65528,53011,0,118539,,,,
2011,2012,Private,1,Region XI - Davao Region,15,0,64407,55558,0,119965,65528.0,53011.0,0.0,118539.0
2012,2013,Private,1,Region XI - Davao Region,15,0,69705,58287,0,127992,64407.0,55558.0,0.0,119965.0
2013,2014,Private,1,Region XI - Davao Region,15,0,69375,55845,0,125220,69705.0,58287.0,0.0,127992.0
2014,2015,Private,1,Region XI - Davao Region,15,0,66988,55845,0,122833,69375.0,55845.0,0.0,125220.0
2015,2016,Private,1,Region XI - Davao Region,15,0,68321,56374,0,124695,66988.0,55845.0,0.0,122833.0
2016,2017,Private,1,Region XI - Davao Region,15,1,62908,59018,32728,154654,68321.0,56374.0,0.0,124695.0
2017,2018,Private,1,Region XI - Davao Region,15,1,63576,60203,58664,182443,62908.0,59018.0,32728.0,154654.0
2018,2019,Private,1,Region XI - Davao Region,15,1,65999,63511,64430,193940,63576.0,60203.0,58664.0,182443.0
2019,2020,Private,1,Region XI - Davao Region,15,1,64884,64845,66852,196581,65999.0,63511.0,64430.0,193940.0
2020,2021,Private,1,Region XI - Davao Region,15,1,39975,53728,55356,149059,64884.0,64845.0,66852.0,196581.0
2010,2011,Public,0,Region XI - Davao Region,15,0,698488,245000,0,943488,,,,
2011,2012,Public,0,Region XI - Davao Region,15,0,745378,247004,0,992382,698488.0,245000.0,0.0,943488.0
2012,2013,Public,0,Region XI - Davao Region,15,0,766839,250690,0,1017529,745378.0,247004.0,0.0,992382.0
2013,2014,Public,0,Region XI - Davao Region,15,0,782077,256465,0,1038542,766839.0,250690.0,0.0,1017529.0
2014,2015,Public,0,Region XI - Davao Region,15,0,793405,273594,0,1066999,782077.0,256465.0,0.0,1038542.0
2015,2016,Public,0,Region XI - Davao Region,15,0,791036,283756,0,1074792,793405.0,273594.0,0.0,1066999.0
2016,2017,Public,0,Region XI - Davao Region,15,1,756948,301222,30075,1088245,791036.0,283756.0,0.0,1074792.0
2017,2018,Public,0,Region XI - Davao Region,15,1,746070,322283,57620,1125973,756948.0,301222.0,30075.0,1088245.0
2018,2019,Public,0,Region XI - Davao Region,15,1,729479,353185,72351,1155015,746070.0,322283.0,57620.0,1125973.0
2019,2020,Public,0,Region XI - Davao Region,15,1,711299,366436,80445,1158180,729479.0,353185.0,72351.0,1155015.0
2020,2021,Public,0,Region XI - Davao Region,15,1,687368,357568,91934,1136870,711299.0,366436.0,80445.0,1158180.0
2010,2011,SUC-LUC,2,Region XI - Davao Region,15,0,0,1098,0,1098,,,,
2011,2012,SUC-LUC,2,Region XI - Davao Region,15,0,0,969,0,969,0.0,1098.0,0.0,1098.0
2012,2013,SUC-LUC,2,Region XI - Davao Region,15,0,0,998,0,998,0.0,969.0,0.0,969.0
2013,2014,SUC-LUC,2,Region XI - Davao Region,15,0,0,126,0,126,0.0,998.0,0.0,998.0
2014,2015,SUC-LUC,2,Region XI - Davao Region,15,0,0,55,0,55,0.0,126.0,0.0,126.0
2016,2017,SUC-LUC,2,Region XI - Davao Region,15,1,0,1,460,461,0.0,55.0,0.0,55.0
2017,2018,SUC-LUC,2,Region XI - Davao Region,15,1,0,0,803,803,0.0,1.0,460.0,461.0
2018,2019,SUC-LUC,2,Region XI - Davao Region,15,1,0,0,477,477,0.0,0.0,803.0,803.0
2019,2020,SUC-LUC,2,Region XI - Davao Region,15,1,0,0,303,303,0.0,0.0,477.0,477.0
2020,2021,SUC-LUC,2,Region XI - Davao Region,15,1,0,0,146,146,0.0,0.0,303.0,303.0
2010,2011,Private,1,Region XII - Soccsksargen,16,0,47426,55747,0,103173,,,,
2011,2012,Private,1,Region XII - Soccsksargen,16,0,49898,55414,0,105312,47426.0,55747.0,0.0,103173.0
2012,2013,Private,1,Region XII - Soccsksargen,16,0,53471,56421,0,109892,49898.0,55414.0,0.0,105312.0
2013,2014,Private,1,Region XII - Soccsksargen,16,0,53885,59020,0,112905,53471.0,56421.0,0.0,109892.0
2014,2015,Private,1,Region XII - Soccsksargen,16,0,54988,59020,0,114008,53885.0,59020.0,0.0,112905.0
2015,2016,Private,1,Region XII - Soccsksargen,16,0,51990,57548,0,109538,54988.0,59020.0,0.0,114008.0
2016,2017,Private,1,Region XII - Soccsksargen,16,1,45538,56220,21994,123752,51990.0,57548.0,0.0,109538.0
2017,2018,Private,1,Region XII - Soccsksargen,16,1,47567,57065,41258,145890,45538.0,56220.0,21994.0,123752.0
2018,2019,Private,1,Region XII - Soccsksargen,16,1,49700,59198,44989,153887,47567.0,57065.0,41258.0,145890.0
2019,2020,Private,1,Region XII - Soccsksargen,16,1,52118,60974,46271,159363,49700.0,59198.0,44989.0,153887.0
2020,2021,Private,1,Region XII - Soccsksargen,16,1,32440,54130,40845,127415,52118.0,60974.0,46271.0,159363.0
2010,2011,Public,0,Region XII - Soccsksargen,16,0,671948,231294,0,903242,,,,
2011,2012,Public,0,Region XII - Soccsksargen,16,0,718458,234371,0,952829,671948.0,231294.0,0.0,903242.0
2012,2013,Public,0,Region XII - Soccsksargen,16,0,723918,236769,0,960687,718458.0,234371.0,0.0,952829.0
2013,2014,Public,0,Region XII - Soccsksargen,16,0,724223,239896,0,964119,723918.0,236769.0,0.0,960687.0
2014,2015,Public,0,Region XII - Soccsksargen,16,0,746858,259067,0,1005925,724223.0,239896.0,0.0,964119.0
2015,2016,Public,0,Region XII - Soccsksargen,16,0,740933,265728,0,1006661,746858.0,259067.0,0.0,1005925.0
2016,2017,Public,0,Region XII - Soccsksargen,16,1,720020,274267,38984,1033271,740933.0,265728.0,0.0,1006661.0
2017,2018,Public,0,Region XII - Soccsksargen,16,1,714246,290838,69644,1074728,720020.0,274267.0,38984.0,1033271.0
2018,2019,Public,0,Region XII - Soccsksargen,16,1,707926,313220,80825,1101971,714246.0,290838.0,69644.0,1074728.0
2019,2020,Public,0,Region XII - Soccsksargen,16,1,692812,327446,88112,1108370,707926.0,313220.0,80825.0,1101971.0
2020,2021,Public,0,Region XII - Soccsksargen,16,1,686531,338085,100421,1125037,692812.0,327446.0,88112.0,1108370.0
2010,2011,SUC-LUC,2,Region XII - Soccsksargen,16,0,479,1789,0,2268,,,,
2011,2012,SUC-LUC,2,Region XII - Soccsksargen,16,0,529,1632,0,2161,479.0,1789.0,0.0,2268.0
2012,2013,SUC-LUC,2,Region XII - Soccsksargen,16,0,772,2034,0,2806,529.0,1632.0,0.0,2161.0
2013,2014,SUC-LUC,2,Region XII - Soccsksargen,16,0,626,2178,0,2804,772.0,2034.0,0.0,2806.0
2014,2015,SUC-LUC,2,Region XII - Soccsksargen,16,0,668,2220,0,2888,626.0,2178.0,0.0,2804.0
2015,2016,SUC-LUC,2,Region XII - Soccsksargen,16,0,361,2167,0,2528,668.0,2220.0,0.0,2888.0
2016,2017,SUC-LUC,2,Region XII - Soccsksargen,16,1,212,1666,1856,3734,361.0,2167.0,0.0,2528.0
2017,2018,SUC-LUC,2,Region XII - Soccsksargen,16,1,212,2095,3023,5330,212.0,1666.0,1856.0,3734.0
2018,2019,SUC-LUC,2,Region XII - Soccsksargen,16,1,206,2195,1982,4383,212.0,2095.0,3023.0,5330.0
2019,2020,SUC-LUC,2,Region XII - Soccsksargen,16,1,194,1843,2026,4063,206.0,2195.0,1982.0,4383.0
2020,2021,SUC-LUC,2,Region XII - Soccsksargen,16,1,170,2185,1843,4198,194.0,1843.0,2026.0,4063.0
